group_variable,test_statistic,p_value,n
Tumor Stage,128.22121923446986,9.34905626228187e-27,1466
ER Status,4.44289637310345,0.03504674239976703,1980
